name,price,status,shipping,free_returns,items_sold
"Adult Tricycle 26/24/20/16/14"" Bike 7Speed Trike 3Wheel Bicycle+Shopping Basket",19500,Brand New,0,False,7
"27.5"" Full Suspension Mountain Bike Shimano 21 Speed Men's Bikes Bicycle  MTB",29900,Brand New,0,True,
Vilano Blackjack 3.0 29er Mountain Bike MTB with 29-Inch Wheels,39900,Brand New,0,False,
Road Bike Shimano 21 Speed Bicycle 700C Mens Bikes 54cm Daul Disc Brakes Bikes,27900,Brand New,0,False,453
Redline Conquest 24 Youth Kids Road Cross CX Bike,37500,Pre-Owned,8000,False,
26'' Folding Mountain Bike Shimanos 21 Speed Bicycle Full Suspension MTB Bikes,21988,Brand New,5999,False,103
"26"" 36V 350W Litium Electric Bike Bicycle eBike LED 7 speed Removable Battery",65500,Brand New,0,True,
New Listing,135000,Pre-Owned,8500,False,
New Listing,26598,Brand New,0,False,
New Listing,90000,Pre-Owned,5379,False,
New Listing,6000,Pre-Owned,,False,
Vilano R2 Commuter Aluminum Road Bike 21 Speed 700c,32900,Brand New,0,False,31
RECUMBENT BICYCLE,49900,Pre-Owned,,False,
"Elite 20"" BMX Stealth Bicycle Freestyle Bike 1 Piece Crank Black NEW 2021",26900,Brand New,0,True,231
Foldable Adult Tricycle Folding Adult Trike 26'' 7 Speed Green Bikes w/Basket,25598,Brand New,0,True,37
"Elite 20"" BMX Destro Bicycle Freestyle Bike 3 Piece Crank White Chrome New 2021",34900,Brand New,0,True,78
"Elite 20"" BMX Stealth Bicycle Freestyle Bike 1 Piece Crank Black Green NEW 2021",26900,Brand New,0,True,85
New Listing,110000,Pre-Owned,15000,False,
"26in 4""W Fat Tire Mountain Bike 21 Speed Bicycle High-Tensile Steel Frame MTB üö¥",32550,Brand New,1000,False,56
"Hyper Bicycles Men's 26"" Beach Cruiser Bike, Black",11856,Brand New,0,False,31
"Folding Mountain Bike Full Suspension 21 Speed Mens Women Bikes MTB 26"" Bicycle",21897,Brand New,0,True,
New Listing,116000,Pre-Owned,8500,False,
26'' Folding Mountain Bike Shimanos 21 Speed Bicycles Full Suspension MTB Bikes*,16998,Brand New,6000,False,33
New Listing,5500,Pre-Owned,1595,False,
New Listing,140000,Pre-Owned,0,False,
New Listing,57000,Brand New,5500,False,
New Listing,90000,Pre-Owned,7990,False,
New Listing,51000,New (Other),15000,False,
"Elite 20"" BMX Stealth Bicycle Freestyle Bike 1 Piece Crank White NEW 2021",26900,Brand New,0,True,140
"26"" Folding Mountain Bike Shimano 21 Speed Bicycle Full suspension MTB School",27900,Brand New,0,True,53
2018 Raleigh Preston bicycle,15000,Pre-Owned,,False,
AONE 700C Road Bike 21 Speed Racing Bicycle 53/56cm Alloy Frame NEW,28999,Brand New,0,False,
New Listing,89999,Pre-Owned,,False,
"Kink BMX Curb 2022 (Matte Midnight Black) 20"" Beginner BMX Bicycle",36995,Brand New,0,False,9
New Listing,279995,Pre-Owned,10000,False,
New Listing,19998,Brand New,1000,False,8
New Listing,165000,Pre-Owned,0,False,
"27.5"" Full Suspension Mountain Bike Shimano 21 Speed Mens Bikes  ",29800,Brand New,0,False,311
"Mountain Bike 27.5"" wheels Full Suspension Bicycle Shimano 21 Speed Mens bikes L",34900,Brand New,0,True,
"Adult 20/24/26"" Tricycle 7Speed 3Wheel Bike Cruiser Trike w/Basket Cargo Bicycle",25800,Brand New,0,True,
orbea mountain bike,32500,Pre-Owned,8500,False,
New Listing,85000,Pre-Owned,9768,False,
26in Folding Mountain Bike Full Suspension MTB Bikes 21 Speed Bicycle Mens Bikes,20388,Brand New,5999,False,18
New Listing,90000,Brand New,,False,
Specialized Daily 3 Step Through Bicycle,80000,Pre-Owned,,False,
New Listing,11900,Brand New,0,False,
"20"" Chrome Cruiser Lowrider Bike 68 Spokes Coaster Brake Prince New",36999,Brand New,7998,False,23
New Listing,300000,Pre-Owned,32910,False,
New Listing,85999,Brand New,0,True,
New Listing,20908,Brand New,1998,False,
New Listing,40600,Pre-Owned,,False,
2021 KHS Salire Dirt Jumper ,55000,Brand New,10000,False,
New Listing,150000,Pre-Owned,0,False,
"Genesis 27.5"" Men's, V2100 Mountain Bike, Black",27814,Brand New,0,True,
New Listing,220000,Pre-Owned,11562,False,
New Listing,5100,Brand New,0,False,
Vilano Foldable Bicycle - Black Chrome,9500,Pre-Owned,7465,False,
"Unisex Adult Mountain Bike Full Suspension 26"" 21 Speed MTB Folding Bicycle",19399,Brand New,5999,False,8
New Listing,59999,Pre-Owned,0,False,
New Listing,149900,Pre-Owned,14999,False,
Motiv Aluminum Mountain bike,11000,Pre-Owned,0,False,
"Eurobike 27.5"" Mountain Bike 21 Speed Disc Brakes  Full Bicycle Mens MTB Bikes",26999,Brand New,0,False,194
New Listing,39900,Pre-Owned,20000,False,
"Full Suspension Mountain Bike Shimano 21 Speed Mens Bicycle 27.5"" Disc Brakes",30900,Brand New,0,False,185
Road Bike Shimano 26 inch 21 Speed Bicycle 700C Mens Bikes 54cm Daul Disc Brakes,22713,Brand New,3988,False,
Mens Mountain Bike 29''Aluminium  Frame 19inch Shimano 21 Speed  Adult Bicycle,39900,Brand New,0,False,83
"Mountain Bike Front Suspension Shimano 21 Speed Mens Bikes MTB 27.5"" bicycle ",26800,Brand New,0,False,165
"Shock-Absorbing Fat Tire Mountain Bike , 26-Inch Wheels, 21-Speed, Steel Frame",32599,Brand New,0,False,35
HARO BMX SHREDDER 20 PRO STREET BIKE BLACK,33999,Brand New,7098,False,
Light aluminium Road Bike Shimano 14 Speed Mens Bikes Racing Bicycle 700C 54cm,43900,Brand New,0,False,44
New Listing,19098,Brand New,2999,False,
"Elite BMX 20"" Bike Stealth Freestyle Black Red NEW 2021",26900,Brand New,0,False,92
New Listing,165000,Pre-Owned,15000,False,
elite bmx bike,10300,Pre-Owned,509,False,
New Listing,150000,Refurbished,9000,False,
"BMX BIKE Kids Boys Bicycle 20"" Wheels Black Red Steel Frame",11932,Brand New,0,True,
"KenT 24"" Northpoint Mountain Bike Front Disc, 21-Speed, Black/Pink/Purple NEW",14997,Brand New,0,False,
New Listing,35000,Pre-Owned,2265,False,
ASTRO DAIMLER TT BIKE ,180000,Pre-Owned,10000,False,
26in Folding Mountain Bike Shimanos 21 Speed Bicycle Full Suspension MTB Bikes,21588,Brand New,1998,False,
Mountain Bike 26'' Front Suspension 21 Speed  MTB Mens Bicycle  Dual Disc Brakes,21799,Brand New,0,False,
Lightweight Aluminum Frame Mountain Bike 21 Speed Mens Bicycle 29-inch Bikes,28999,Brand New,0,True,
"29"" Aluminium Mountain Bike Disc Brakes Mens Bikes 21 Speed Bicycle MTB 29er XL",39900,Brand New,0,True,
"sixthreezero 26"" Single Speed Beach Cruiser Bicycle with Rear Rack, Lilac, Pink",22400,Brand New,,False,
Road Bike Shimano 21 Speed Bicycle 700C Mens Bikes 26In Daul Disc Brakes Bikes,19661,Brand New,0,False,
New Listing,20998,Brand New,1000,False,7
New Listing,30995,Brand New,0,False,
"Hyper Bicycles Men's 26"" Shocker Mountain Bike, Black",14999,Brand New,0,False,
Quintana Roo Rare Triathlon Bike 46cm Vintage Superform,39900,Pre-Owned,3039,False,
New Listing,59900,Pre-Owned,20000,False,
New Listing,59900,Pre-Owned,20000,False,
New Listing,19999,Pre-Owned,6000,False,
New Listing,23966,Brand New,0,False,
New Listing,60000,Pre-Owned,0,False,
High Carbon Steel Road Bike 700C Wheel 21 Speed Disc Brake Adult Bicycle,25999,Brand New,399,False,60
Terry Symmetry 50cm Shimano Road Bike,49999,Pre-Owned,0,False,
New Listing,20202,Brand New,0,False,
New Listing,44999,Brand New,0,False,
"Kent 20"" Ambush Boys' BMX Bike, Blue",10767,Brand New,0,True,
RoyalBaby Kids Bike Boys Girls Freestyle Bike 16 Inch with Training Wheels Whit*,4199,Brand New,0,True,6
Schwinn Windwood ,15000,Pre-Owned,,False,
New Listing,150000,Pre-Owned,7500,False,
New Listing,139500,Pre-Owned,6500,True,
New Listing,7169,Brand New,0,False,
"26"" Aluminum Alloy Bicycle Front Suspension Mountain Bike 21 Speed MTB Bikes",28839,Brand New,0,False,
giant bicycle metallic black Talon 4 29 S brand new in box,35000,Brand New,28213,False,
NEW SCHWINN 26 Meridian Adult Tricycle MINT 3-Wheel Bike Trike Comfort Cruiser,44686,Brand New,0,True,
"Mongoose Hitch All-Terrain Fat Tire Bike, 26-inch wheels, Men's Style, Red",32999,Brand New,0,False,
New Listing,29900,Pre-Owned,20000,False,
New Listing,70000,Pre-Owned,15000,False,
New Listing,15000,Brand New,509,False,
New Listing,25799,Brand New,0,False,
New Listing,30997,Brand New,0,True,
SE Bikes Fast Ripper Red 29‚Äù,151200,Pre-Owned,20000,False,
New Listing,89900,Refurbished,10000,False,
"DSB Hybrid Bike, 700c wheels, 21 speeds, womens frame, white",34400,Brand New,0,False,
"Swagtron EB-6 20"" Electric Bike 7 speed 350W Motor Fat Tire Mountain City E-Bike",,Refurbished,0,True,63
New Listing,159999,Pre-Owned,0,False,
"VEVOR 24"" Adult Tricycle 3-Wheel 1Speed Bicycle Trike Cruiser w/Tools & Lock",22795,Brand New,0,True,
2010 Trek 7.3 FX Hybrid Bike (52cm),49999,Pre-Owned,9000,False,
"21 Speed MTB Folding Mountain Road Bike Bicycle Frames Full Suspension 27.5""",5000,Brand New,0,False,
"26"" Women's Bicycle 26-Inch Wheel 21-Speed Outdoor Ride Girls Mountain Bike",19988,Brand New,1998,False,
New Listing,450000,Pre-Owned,8000,False,
"FatBoy Pro Mini 10"" BMX Bicycle Fat Tire Freestyle Bike Black Hawk Gold NEW ",29999,Brand New,0,True,28
"Nickelodeon's PAW Patrol: Chase Bicycle, 12-inch wheels, ages 2 - 4, blue, presc",7500,Brand New,0,False,
"CUSTOM LOWRIDER CROME BIKE 26"" Inch WHEELS&HARLEY DAVISON BLUE TOOTH SYSTEM",99999,Pre-Owned,,False,
"Folding Compact ‚Äã‚ÄãCity Road Bike Bicycle Urban Commuters 20"" Leisure 7 Speed",656,Brand New,0,False,
26in Carbon Steel Mountain Bike Shimanos21 Speed Bicycle Full Suspension MTB,15250,Brand New,0,False,
New Listing,805900,Pre-Owned,,False,
Beach Cruiser Bike 26 Inch Bicycle Step-through Frame Comfort Classic Ride.,20888,Brand New,699,False,
"Mongoose 26-inch Grudge Mag BMX Freestyle Bike, 1 Speed, Red",39999,Brand New,0,False,
"26"" Cranbrook Men's Classic Beach Cruiser Comfort Bike Single Speed, Orange NEW",12124,Brand New,0,True,10
"Aluminum Full Suspension Road Bike 21 Speed Disc Brakes, 700c Outdoor Bicycle",21598,Brand New,0,False,19
"Trek 7500 MultiTrack 17.5"" 24 Speed Hybrid Bicycle Aluminum Frame Local Pickup ",29995,Pre-Owned,,False,
"RED 26"" Stretch Beach Cruiser Bicycle 68 Spokes Rims Coaster Extended Bike PUMA ",59988,Brand New,0,True,
"Elite 20"" BMX Stealth Bicycle Freestyle Bike 1 Piece Crank Gunmetal Grey 2021",26900,Brand New,0,True,162
Beach Cruiser Bike 26 Inch Bicycle Step-through Frame Comfort Classic Ride.,20888,Brand New,699,False,
SIKK Aluminum SS Fat Tire Beach Cruiser üå¥ UFO 7 Speed- The Original üå¥,89995,Brand New,0,False,94
New Listing,104999,Pre-Owned,8999,False,
New Listing,18966,Brand New,2999,False,
New Listing,11000,Pre-Owned,,False,
New Listing,475000,Pre-Owned,0,False,
New Listing,29900,Brand New,0,True,
Leisure 20in 7 Speed ‚Äã‚ÄãCity Folding Mini Compact Bike Bicycle Urban Commuter,15559,Brand New,1998,False,15
New Listing,86999,Brand New,0,True,
"Elite 20"" BMX Destro Bicycle Freestyle Bike 3 Piece Crank Neo Chrome NEW 2021",37900,Brand New,0,True,197
26IN 21 Speed Foldable Mountain Bike Shimanos Bicycle Full Suspension Road Bikes,20499,Brand New,0,False,5
26 MENS BEACH CRUISER Bike Vintage Bicycle Comfort Seat Outdoor Cycling Black,14694,Brand New,0,False,
26 in Mountain Bike Shimano 21 Speed Full Suspension MTB Men's Folding Bicycle,30000,Refurbished,2500,False,
New Listing,285000,Pre-Owned,0,False,18
2021 HARO BMX ANNEX PRO XL COMPLETE BICYCLE BLACK,49999,Brand New,3645,False,
New Listing,110000,Pre-Owned,8500,False,
"Strider 12 Classic No-Pedal Balance Bike, Ages 18 Months to 3 Years, Pink (A)",5700,New (Other),0,False,
New Listing,16866,Brand New,2999,False,
bicycle,30000,Pre-Owned,,False,
New Listing,6998,Pre-Owned,7998,False,
New Listing,65000,Brand New,0,False,
New Listing,215000,Pre-Owned,,False,
New Listing,139900,Pre-Owned,17500,False,
Schwinn Discover Hybrid Bicycle Black,42878,Brand New,0,False,
Aluminium Road Bike Racing Bicycle Mens Bikes Shimano 14 Speed Cycling 54cmn New,43900,Brand New,0,False,89
Vintage Panasonic Sport Bicycle Custom Build Single Speed Coaster Brake Steel SS,38900,Refurbished,11900,False,
New Listing,17300,Pre-Owned,3000,False,
New Listing,21900,Brand New,5000,True,
New Listing,21999,Brand New,699,False,
New Listing,95000,Pre-Owned,15000,False,
Yvolution Y Velo Flippa 3-in-1 Toddler Trike to Balance Bike Ages 2-5 blue color,13000,Brand New,0,True,
2021 GT Pro Series Heritage 26 Red,63500,Brand New,0,True,
New Listing,62900,Brand New,0,False,
Rev City CO.OP Boys Bicycle Black (Local Pickup Available),7998,Pre-Owned,,True,
56cm Frame Road Bike 700C Shimano 21 Speed Commuter Bicycle Racing Mens Bicycle,26989,Brand New,0,True,9
"BMX Bike Mini 10"" Kids Bicycle Fat Tire Outdoor Street Cycling Ride",11142,Brand New,1998,True,
Baby Balance Bike Bicycle Mini Children Walker Toddler Rides No-Pedal White,3795,Brand New,0,False,77
New Listing,49900,Pre-Owned,20000,False,
New Listing,39900,Pre-Owned,20000,False,
New Listing,49900,Pre-Owned,20000,False,
New Listing,26900,Brand New,0,True,
New Listing,39500,Pre-Owned,4000,False,
New Listing,225000,Pre-Owned,15000,False,
New Listing,29900,Brand New,0,True,
New Listing,25900,Brand New,0,True,
üî• 26In Fat Tire Bike Mountain/snow/road Bicycle 21-Speed Steel Frame MTB BIKE,27399,Brand New,2099,False,
20/24/26'' Foldable 7 Speed Adult Tricycle 3 Wheel Trike Cruiser Bike w/ Basket,28811,Brand New,0,False,
"Mountain Bike Full Suspension Shimano 21 Speed Mens Womens Bikes MTB 26"" Bicycle",9119,Brand New,13500,False,4
New Listing,87599,Brand New,0,True,
Foldable 20in 7 Speed ‚Äã‚ÄãCity Compact Suspension Bicycle Bike Cycling Urban Bike,2600,Brand New,0,False,
Felt Brougham Single Speed Fixie Bike 56cm / 22‚Äù,35600,Refurbished,12000,False,
New Listing,16900,Brand New,0,False,
Orbea Opal,70000,Pre-Owned,,False,
New Listing,44284,Brand New,0,True,
"26"" Cranbrook Men's Comfort Cruiser Bike",14300,Brand New,0,False,
"Adult Folding Tricycle Bike Bicycle Portable Tricycle 20"" Wheels RM6",28900,Brand New,0,True,
"26‚Äù Nel Lusso Men's Cruiser Bike, Matte Black",21900,Brand New,0,False,
New Listing,80000,Pre-Owned,,False,
New Listing,26900,Brand New,0,True,
"Roadmaster Granite Peak Men's Mountain Bike, 26"" wheels, Black/Blue",14899,Brand New,0,False,
"26"" Folding Mountain Bike 21 Speed Bicycle Women Men Full Suspension MTB Bike US",12299,Brand New,14999,False,
"Mongoose 29"" Excursion Mountain Bike, Front Suspension, 21 Speeds, Black/ White",30999,Brand New,0,False,
"Mountain Bike Full Suspension Shimano 21 Speed Mens Bikes MTB 26"" Bicycle",14699,Brand New,5599,False,
"Adult Tricycle 14/16/20/24/26"" Bike 1/7Speed Cruiser Trike 3Wheel Bicycle+Basket",19890,Brand New,0,True,
27.5 Mountain bike new  disc brakes ,27500,Brand New,0,False,34
26 Inch Mountain Bike 21-Speed Dual Disc Brakes Full Suspension Non-slip Bicycle,15999,Brand New,5000,False,
27.5 In. Oxide Men's Mountain Bike - Dual Suspension 21-Speed,18200,Brand New,0,False,
"Elite 20"" BMX Stealth Bicycle Freestyle Bike 1 Piece Crank Black Blue NEW 2021",28900,Brand New,0,True,142
"TREK Dual Sport 1. Hybrid, 17.5 in frame. Rode only a few times!",49500,New (Other),24355,False,
New Listing,59900,Pre-Owned,20000,False,
"TREK  Mountain bike Skye SL  Woman‚Äôs sz 16 EXCELLENT 26"" wheels",34900,Pre-Owned,,False,
New Listing,29900,Brand New,0,True,
New Listing,23522,Brand New,0,False,
New Listing,41999,Brand New,0,False,
New Listing,525000,Pre-Owned,20000,False,
Eurobike Road Bike Frame 54cm 700C Men and Women Bikes Shimano 21 Speed Bicycle ,27900,Brand New,0,False,105
"29"" Mountain Bike Aluminium Shimano 21 Speed Mens Bicycle Disc Brakes Bikes New",35900,Brand New,0,True,5
"27.5"" Aluminium Mountain Bike 21 Speed Mens Bicycle Disc Brakes Front Suspension",28989,Brand New,0,True,7
"New Mongoose Ledge Full Suspension Mountain Bike, 7 Speeds, 27.5 In. Wheels",62500,Brand New,0,False,29
"MTB Mountain Bike 26"""" Wheels 21 Speed Bicycle Disc Bicycles+Lock+Air Pump UE",22800,Brand New,0,True,
"Kink BMX Gap XL 2022 (Gloss Woodsmen Green) 20"" BMX Bicycle 21"" Top Tube",49999,Brand New,0,False,
"MASSIMO 24V Adjustable Kids Electric Balance Bike Scooter - 2 Speed | 11"" Tire",29995,Brand New,0,False,13
"G4 26"" Folding Mountain Bike Shimano 21 Speed Bicycle Full Suspension MTB Bikes",22688,Brand New,0,False,
New Listing,26900,Brand New,0,True,
BMC Time machine TM01,270000,Pre-Owned,10000,False,
New Listing,12999,Brand New,0,True,
"Mountain Bike Front Suspension Shimano 21 Speed Mens Bikes MTB 27.5"" bicycle ",26800,Brand New,0,False,255
New Listing,519900,Pre-Owned,19900,False,
New Listing,19699,Brand New,899,False,
New Listing,35090,Brand New,0,True,
Commuters Aluminum Full Suspension Road Bike 21 Speed Disc Brakes 700c Bicycle,19989,Brand New,1998,False,
2021 CELCIUS Road Bike Shimano 14SPEED DUAL DISC BRAKE Full Aluminum 700C a,39900,Brand New,0,False,
New Listing,20999,Brand New,2199,False,
New Listing,399900,Pre-Owned,19900,False,
New Listing,69900,Pre-Owned,20000,False,
New Listing,270000,Pre-Owned,12999,False,
"Unisex Adult Mountain Bike Full Suspension 26"" 21 Speed MTB Folding Bicycle RM6",22800,Brand New,0,True,
" NEW 26 In. Cram Brook Men's Classic Beach Cruiser Comfort Bike, Red",11932,Brand New,0,True,
New Listing,350000,Pre-Owned,,False,
New Listing,439900,Pre-Owned,10000,False,
"Elite 20"" BMX Destro Bicycle Freestyle Bike 3 Piece Crank Black Camo NEW",35900,Brand New,0,True,73
"GT Racing Mach One BMX bike/bicycle, Rare!",80000,Pre-Owned,5330,False,40
"GREEN 20"" Cruiser Lowrider Bike with 140 FAN Spokes Coaster Brake F4 New",39999,Brand New,7998,False,
New Listing,27500,Brand New,0,True,
agressor pro bike,30000,New (Other),7500,False,
New Listing,39900,Brand New,0,False,
New Listing,50000,Brand New,5500,False,
Bianchi Bike (ASIS),54500,Pre-Owned,,False,
26in Folding Mountain Bike Cycling 21 Speed Bicycle Full Suspension MTB Bikes,400,Brand New,0,False,
2021 Road Bike Shimano 21 Speed 26in Bicycle 700C Mens/Womens Bikes Disc Brakes,19927,Brand New,1998,False,11
"""NEW"" Huffy 20-Inch Rock It Boys Bike , Royal Blue Gloss",7300,Brand New,0,False,
New Listing,199900,Refurbished,17900,False,
New Listing,40000,Brand New,,False,
New Listing,62999,Brand New,0,True,
3-Wheeled bike adult size. Used. Blue with Rear Wire Basket. LOCAL PICKUP ONLY.,19500,Pre-Owned,,False,
New Listing,36500,Pre-Owned,9000,False,
New Listing,9299,Brand New,0,False,
"Huffy 20 In. Rock It Boys Bike, Royal Blue Gloss",7169,Brand New,0,False,
New Listing,27500,Brand New,0,True,
"20"" Kent Dread Boy's BMX Bike,1 Speed, Blue",19999,Brand New,0,False,3
"26"" Mountain Bike Shimano 21 Speed Men Bicycle Bike MTB Disc Brake Suspension",17788,Brand New,7498,False,2
New Listing,35898,Brand New,0,False,
New Listing,650000,New (Other),15000,False,
"Mongoose Craze Freestyle BMX Bike, 20-inch Mag wheels, 4 Freestyle Pegs ages 6+",18821,Brand New,1998,True,
26‚Äù Full Suspension Mountain Bike 21 Speed Folding Bicycle Men or women MTB USA,19888,Brand New,0,False,
21 Speed 26 Inch Full Suspension Road Bike Bicycle Disc Brakes  Aluminum 700c,21999,Brand New,0,False,
"Elite 18"" BMX Pee Wee Bicycle Freestyle Bike 3 Piece Crank Black Combat NEW",31900,Brand New,0,True,13
Mountain Bike 26in Full Suspension Bicycle 21 Speed MTB Mens Womens Bikes,18199,Brand New,1888,False,13
